{"header":{"config":{"platform":["Nintendo Virtual Boy"]},"ran":1526674564402,"system":"vb","wordmatchscore":0.15,"updateOption":"all","masterFilePath":"/Users/astigmatism/Projects/expressjs-romsort/workspace/06 - datafile//vb_master","destinationFile":"/Users/astigmatism/Projects/expressjs-romsort/workspace/06 - datafile//vb_thegamesdb","reportFile":"/Users/astigmatism/Projects/expressjs-romsort/workspace/06 - datafile//vb_thegamesdb_report.json","fuzziness":0.5},"3D Tetris":{"correctedName":"3D Tetris","gamelistresults":85,"platformMatches":{"3-D Tetris":0.6566666666666667,"V-Tetris":0.29513888888888884},"matchedOtherGamesBetter":{"GoSub v2009-11-06Test1 by Chris Read (PD)":0.30625,"V-Tetris":1},"allMatches":{"Tetris, Sony Playstation 3":0.6944444444444443,"Tetris, Arcade":0.6944444444444443,"Tetris, Nintendo Game Boy":0.6944444444444443,"Tetris, Sinclair ZX Spectrum":0.6944444444444443,"Tetris, Amiga":0.6944444444444443,"Tetris, WonderSwan Color":0.6944444444444443,"Tetris, Sony Playstation Portable":0.6944444444444443,"Tetris, Atari Lynx":0.6944444444444443,"Tetris, Sega Mega Drive":0.6944444444444443,"Tetris, Nintendo Entertainment System (NES)":0.6944444444444443},"getgamesuccess":true},"Affine Mode Demo 1 v0.9 by David Tucker (PD)":{"correctedName":"Affine Mode Demo 1 v0.9 by David Tucker (PD)","gamelistresults":80,"platformMatches":{},"matchedOtherGamesBetter":{},"allMatches":{"Demo 1, Sony Playstation":0.3314393939393939,"Aquarium by DS, Nintendo DS":0.16883116883116883,"Adam's Musicbox Demo, Colecovision":0.16454545454545455,"God Mode, PC":0.1575757575757576,"Side by Side, Arcade":0.15378787878787878,"David II, MSX":0.12926136363636362,"Side by Side 2, Arcade":0.11298701298701297,"Side by Side Special 2000, Sony Playstation":0.025509090909090912,"Modern War by GREE, Android":0.0246031746031746,"David Beckham Soccer, Nintendo Game Boy Advance":0.02025974025974026},"getgamesuccess":false},"Affine Mode Demo 2 v0.9 by David Tucker (PD)":{"correctedName":"Affine Mode Demo 2 v0.9 by David Tucker (PD)","gamelistresults":82,"platformMatches":{},"matchedOtherGamesBetter":{},"allMatches":{"Demo 1, Sony Playstation":0.17045454545454544,"Aquarium by DS, Nintendo DS":0.16883116883116883,"Adam's Musicbox Demo, Colecovision":0.16454545454545455,"God Mode, PC":0.1575757575757576,"Side by Side, Arcade":0.15378787878787878,"David II, MSX":0.12926136363636362,"Side by Side 2, Arcade":0.11298701298701297,"Side by Side Special 2000, Sony Playstation":0.025509090909090912,"Modern War by GREE, Android":0.0246031746031746,"David Beckham Soccer, Sony Playstation":0.02025974025974026},"getgamesuccess":false},"BitString Demo by Dan Bergman (PD)":{"correctedName":"BitString Demo by Dan Bergman (PD)","gamelistresults":84,"platformMatches":{},"matchedOtherGamesBetter":{},"allMatches":{"Demo 1, Sony Playstation":0.2745098039215686,"Best Buy Demo CD, Sony Playstation":0.21696428571428572,"Ben There, Dan That!, PC":0.1692857142857143,"Bound by Flame, PC":0.16092436974789914,"Bound by Flame, Sony Playstation 4":0.16092436974789914,"Bound by Flame, Sony Playstation 3":0.16092436974789914,"Bound by Flame, Microsoft Xbox 360":0.16092436974789914,"Side by Side, Arcade":0.15784313725490198,"Bio Senshi Dan: Increaser to no Tatakai, Nintendo Entertainment System (NES)":0.1566730654965949,"Best Buy Greatest Hits Demo Disc Volume One, Sony Playstation":0.15632010943912447},"getgamesuccess":false},"Blox 2 Demo Version by KR155E (PD)":{"correctedName":"Blox 2 Demo Version by KR155E (PD)","gamelistresults":100,"platformMatches":{},"matchedOtherGamesBetter":{},"allMatches":{"Demo 1, Sony Playstation":0.4313725490196078,"Boom Blox, Nintendo Wii":0.2179193899782135,"Best Buy Demo CD, Sony Playstation":0.18584558823529412,"Boom Blox Bash Party, Nintendo Wii":0.1698529411764706,"Bound by Flame, Sony Playstation 3":0.16092436974789914,"Bound by Flame, Microsoft Xbox 360":0.16092436974789914,"Bound by Flame, PC":0.16092436974789914,"Bound by Flame, Sony Playstation 4":0.16092436974789914,"Biohazard 4 (E3 Version), Nintendo GameCube":0.15995098039215686,"BlackGuards 2 Limited Edition (recalled version), Sony Playstation 4":0.1546819295900178},"getgamesuccess":false},"Blox V1.0 by KR155E (PD)":{"correctedName":"Blox V1.0 by KR155E (PD)","gamelistresults":40,"platformMatches":{},"matchedOtherGamesBetter":{},"allMatches":{"Boom Blox, Nintendo Wii":0.19583333333333333,"Boom Blox Bash Party, Nintendo Wii":0.1665,"Bound by Flame, Sony Playstation 4":0.15956959706959706,"Bound by Flame, PC":0.15956959706959706,"Bound by Flame, Sony Playstation 3":0.15956959706959706,"Bound by Flame, Microsoft Xbox 360":0.15956959706959706,"Lost Vikings 2: Norse by Norsewest, Sega Saturn":0.007107843137254903,"My Secret World by Imagine, Nintendo DS":0.006967670011148271,"Fantasy Aquarium by DS, Nintendo DS":0.006877990430622009,"PD Ultraman Link, Sega Saturn":0.006510416666666666},"getgamesuccess":false},"Blox V1.1 by KR155E (PD)":{"correctedName":"Blox V1.1 by KR155E (PD)","gamelistresults":40,"platformMatches":{},"matchedOtherGamesBetter":{},"allMatches":{"Boom Blox, Nintendo Wii":0.19583333333333333,"Boom Blox Bash Party, Nintendo Wii":0.1665,"Bound by Flame, Sony Playstation 4":0.15956959706959706,"Bound by Flame, PC":0.15956959706959706,"Bound by Flame, Sony Playstation 3":0.15956959706959706,"Bound by Flame, Microsoft Xbox 360":0.15956959706959706,"Lost Vikings 2: Norse by Norsewest, Sega Saturn":0.007107843137254903,"My Secret World by Imagine, Nintendo DS":0.006967670011148271,"Fantasy Aquarium by DS, Nintendo DS":0.006877990430622009,"PD Ultraman Link, Sega Saturn":0.006510416666666666},"getgamesuccess":false},"Chrono Trigger Run Demo 1 by MrSparkle (PD)":{"correctedName":"Chrono Trigger Run Demo 1 by MrSparkle (PD)","gamelistresults":100,"platformMatches":{},"matchedOtherGamesBetter":{},"allMatches":{"Chrono Trigger, Nintendo DS":0.680232558139535,"Chrono Trigger, Android":0.680232558139535,"Chrono Trigger, PC":0.680232558139535,"Chrono Trigger, Sony Playstation":0.680232558139535,"Chrono Trigger, Super Nintendo (SNES)":0.680232558139535,"Demo 1, Sony Playstation":0.4748062015503875,"Chrono Cross, Sony Playstation":0.3125484496124031,"Trigger Man, Microsoft Xbox":0.26257928118393226,"Trigger Man, Nintendo GameCube":0.26257928118393226,"Trigger Man, Sony Playstation 2":0.26257928118393226},"getgamesuccess":false},"Chrono Trigger Run Demo 2 by MrSparkle (PD)":{"correctedName":"Chrono Trigger Run Demo 2 by MrSparkle (PD)","gamelistresults":100,"platformMatches":{},"matchedOtherGamesBetter":{},"allMatches":{"Chrono Trigger, Nintendo DS":0.680232558139535,"Chrono Trigger, Super Nintendo (SNES)":0.680232558139535,"Chrono Trigger, PC":0.680232558139535,"Chrono Trigger, Sony Playstation":0.680232558139535,"Chrono Trigger, Android":0.680232558139535,"Chrono Cross, Sony Playstation":0.3125484496124031,"Demo 1, Sony Playstation":0.26589147286821696,"Trigger Man, Nintendo GameCube":0.26257928118393226,"Trigger Man, Microsoft Xbox":0.26257928118393226,"Trigger Man, Sony Playstation 2":0.26257928118393226},"getgamesuccess":false},"Croach, The (PD)":{"correctedName":"The Croach (PD)","gamelistresults":100,"platformMatches":{},"matchedOtherGamesBetter":{},"allMatches":{"The Crew, Microsoft Xbox One":0.38,"The Room, PC":0.3464583333333333,"The Dig, PC":0.3280952380952381,"The Tick, Super Nintendo (SNES)":0.2995,"The Mask, Super Nintendo (SNES)":0.2803333333333333,"The Deep, Amiga":0.2803333333333333,"The Fall, Sony Playstation 4":0.2803333333333333,"The Park, Microsoft Xbox One":0.2803333333333333,"The Fall, Nintendo Wii U":0.2803333333333333,"The Note, Sony Playstation":0.2803333333333333},"getgamesuccess":false},"Etch-A-Sketch by Pat Daderko (PD)":{"correctedName":"Etch-A-Sketch by Pat Daderko (PD)","gamelistresults":100,"platformMatches":{},"matchedOtherGamesBetter":{},"allMatches":{"Etch a Sketch, PC":0.21127206127206127,"Everyone`s A Wally, Commodore 64":0.1625925925925926,"A-Train, Amiga":0.045021645021645025,